Sensor_ID,Pressure (bar),Flow Rate (L/s),Temperature (Â°C),failure,Burst Status,infrastructure_type
S007,3.69481448,77.51521848,21.695365,0,0,water
S007,2.587125418,179.9264219,19.01672518,0,0,water
S002,2.448964723,210.130823,10.01168149,1,0,water
S009,2.93684371,141.7779342,12.09240791,0,0,water
S003,3.073692987,197.4846329,17.0014434,0,0,water
S009,2.597577389,192.3328306,24.4844805,0,0,water
S005,2.846340738,86.1538199,20.24895278,0,0,water
S003,3.863980603,88.81699724,19.93783427,0,0,water
S010,3.351550492,54.69699387,22.63427162,0,0,water
S004,3.396849968,188.2811353,11.32738753,0,0,water
S008,3.766800773,162.0980165,18.09538199,0,0,water
S009,2.944410259,74.79004086,10.2345461,0,0,water
S008,2.508283176,172.3192143,20.60286016,0,0,water
S005,3.889451318,147.6615538,23.72439513,0,0,water
S001,2.595337525,96.64734826,14.87774983,0,0,water
S003,3.208322388,67.93913689,20.69867181,0,0,water
S007,2.560650384,156.5994335,11.66336231,0,0,water
S007,3.213055335,134.4913358,20.4327413,0,0,water
S004,3.914280356,139.82982,20.421774,0,0,water
S009,2.65824139,118.4801856,13.27660656,0,0,water
S010,2.683131932,103.4446757,23.60242662,0,0,water
S009,3.727022149,179.1095875,10.10428196,0,0,water
S005,3.538654049,90.41185007,13.66188283,0,0,water
S008,3.554528438,104.5444404,24.57673124,0,0,water
S002,3.568405885,72.21303949,24.96610728,0,0,water
S006,2.549576099,101.7606872,19.51527017,0,0,water
S010,3.978475681,86.30829073,20.08203321,0,0,water
S006,3.051674699,144.8458746,19.50294566,0,0,water
S001,2.726076316,126.2298165,20.4371921,0,0,water
S004,2.524881743,126.8139587,13.39743663,0,0,water
S001,3.096358032,127.6627026,22.56565159,0,0,water
S002,3.887040427,181.600903,13.86912442,0,0,water
S009,3.274953837,89.12437622,24.9438055,0,0,water
S007,3.008544687,102.3814362,20.88933518,0,0,water
S008,3.831655148,177.6392673,24.03452491,0,0,water
S003,3.05842415,191.0200164,24.60495755,0,0,water
S002,3.537842797,147.7941889,13.36403964,0,0,water
S005,2.768234064,104.9703177,21.16255785,0,0,water
S003,3.454498927,87.56927279,18.84806271,0,0,water
S008,3.446707939,169.2216955,17.5395564,0,0,water
S005,2.845277902,124.879007,18.58006299,0,0,water
S005,3.825241033,162.1578161,24.29607771,0,0,water
S003,3.970497376,61.3019384,14.58545529,0,0,water
S003,2.75423912,133.5201894,24.04232161,0,0,water
S008,2.813378076,150.6715275,15.37970172,0,0,water
S010,3.611152927,154.5523611,20.53726126,0,0,water
S007,3.129671285,88.43104154,19.17270566,0,0,water
S004,3.697442768,147.4945896,20.52950316,0,0,water
S007,2.541425158,136.8297343,16.57711185,0,0,water
S010,3.313966952,92.98118782,18.86249891,0,0,water
S006,2.954898272,130.5623641,14.89976863,0,0,water
S005,3.185897742,176.3034613,12.91570051,0,0,water
S008,3.589137001,196.3778119,17.74450522,0,0,water
S003,3.158457131,61.7684572,10.38026115,0,0,water
S009,3.532749851,58.72903933,23.72820591,0,0,water
S006,3.571893884,149.0296065,14.19900845,0,0,water
S005,3.417581119,112.9400094,13.71596484,0,0,water
S009,3.0128195,63.76985987,11.41235482,0,0,water
S005,3.211260744,64.6751241,17.37423813,0,0,water
S005,3.097757102,142.3775147,19.52640476,0,0,water
S010,3.900154462,125.1559826,18.09066173,0,0,water
S007,3.916377396,180.07984,19.54605396,0,0,water
S003,3.464932328,118.7379336,18.18425184,0,0,water
S001,3.477227158,81.00265398,14.10941691,0,0,water
S003,3.427380827,100.4831322,19.83583953,0,0,water
S002,2.891041792,124.4056181,20.39335538,0,0,water
S008,3.602606566,170.5221396,14.23051859,0,0,water
S003,3.985757713,111.8926515,15.58027129,0,0,water
S005,2.85789529,151.976717,21.09863141,0,0,water
S001,3.257878559,173.9686199,14.80074402,0,0,water
S009,3.770714716,103.2357786,24.35201328,0,0,water
S010,3.447755818,117.2668283,14.39816158,0,0,water
S004,3.919291814,167.1944076,11.70196903,0,0,water
S010,3.162295752,183.1556274,15.26372519,0,0,water
S010,3.755445811,180.0303058,22.57721146,0,0,water
S009,3.732790089,155.9363341,11.22023171,0,0,water
S001,3.820539953,85.50277905,23.6154056,0,0,water
S003,3.665720374,133.7606375,16.36333014,0,0,water
S003,2.880523261,110.780313,18.57209538,0,0,water
S009,3.616317485,152.1559141,13.56259707,0,0,water
S009,3.802898692,83.53937578,24.44833809,0,0,water
S005,2.565101175,188.6964995,23.78673573,0,0,water
S009,3.284646766,144.4097957,20.43623033,0,0,water
S006,3.076302747,160.5651059,23.72881513,0,0,water
S006,3.183485129,143.0198897,14.16071774,0,0,water
S010,2.844092119,89.89068874,15.40517643,0,0,water
S001,2.919645261,111.6810081,19.04172823,0,0,water
S003,3.733805864,192.469987,20.88579263,0,0,water
S008,3.814992229,132.7381809,12.47251392,0,0,water
S002,3.980914194,72.56253367,18.91196073,0,0,water
S001,3.757493057,120.303974,16.22229254,0,0,water
S006,3.537571596,130.1519413,21.24866124,0,0,water
S005,3.917148595,177.4471086,13.71022153,0,0,water
S003,2.912097696,81.08414735,23.17331001,0,0,water
S008,2.533277113,124.724778,17.14316045,0,0,water
S001,3.327860258,134.1406957,23.14980404,0,0,water
S007,3.632705884,143.0464327,20.56119652,0,0,water
S002,3.025881338,138.487653,15.88366068,0,0,water
S004,3.32116946,117.6365671,23.65706918,0,0,water
S001,3.924280935,72.06102214,23.89881438,0,0,water
S008,2.5687919,143.1208527,15.21120112,0,0,water
S003,3.305895125,119.0178738,18.77149159,0,0,water
S004,2.772820127,101.8500925,23.45182615,0,0,water
S002,3.402903093,83.57735989,22.32685955,0,0,water
S006,2.633053801,68.09538067,16.91168152,0,0,water
S010,3.535592243,55.89682098,21.99115598,0,0,water
S001,2.915316472,170.930192,21.22389536,0,0,water
S008,3.226784478,142.7382157,15.53370459,0,0,water
S008,2.699675393,153.0748258,22.66661009,0,0,water
S002,3.17111855,129.89259,13.63705755,0,0,water
S010,3.345947638,176.1064979,11.33806493,0,0,water
S004,3.210954912,103.2656455,19.7323426,0,0,water
S006,3.380261677,161.8159211,16.47489319,0,0,water
S006,3.849471096,141.1332833,13.66529733,0,0,water
S009,2.855840188,65.26737089,12.29288709,0,0,water
S008,3.845148137,62.03506185,17.86767084,0,0,water
S006,3.096783399,195.420565,22.98260689,0,0,water
S008,3.584344145,173.129221,20.77685906,0,0,water
S005,2.780565623,98.55188546,16.38154658,0,0,water
S001,3.415930064,93.29458299,18.71857332,0,0,water
S003,2.577735305,100.4906417,12.01622015,0,0,water
S008,3.714811669,88.19609821,20.22254083,0,0,water
S008,3.409152822,169.1434175,11.60048875,0,0,water
S002,2.686445835,159.6301213,24.07510685,0,0,water
S008,3.582394826,57.21419659,21.72271723,0,0,water
S003,2.746398697,172.186208,19.97795831,0,0,water
S010,3.088667661,172.4899159,16.58702363,0,0,water
S006,3.309671593,115.8117013,18.66229406,0,0,water
S002,3.315329292,185.9708166,19.36356994,0,0,water
S007,3.595823705,154.0576411,12.5009614,0,0,water
S007,3.359726274,199.6538924,21.2860468,0,0,water
S001,2.550298652,135.4834527,21.43688029,0,0,water
S006,3.304722027,106.8232348,16.85500329,0,0,water
S008,2.724876141,84.38770928,20.83378853,0,0,water
S003,3.348262521,157.4268612,18.98544047,0,0,water
S008,3.375087692,110.1277125,16.93008705,0,0,water
S008,3.258833018,141.7181353,10.27165276,0,0,water
S004,3.878125783,168.5126956,10.34533907,0,0,water
S010,2.603382309,61.59815982,11.56370449,0,0,water
S001,2.669857069,197.7261798,22.5834713,0,0,water
S006,3.278257086,138.6913154,15.98504056,0,0,water
S004,3.681684833,140.5582298,11.7140095,0,0,water
S006,3.019518992,102.0429803,21.06251872,0,0,water
S003,2.872339664,136.6447931,12.48269976,0,0,water
S006,2.830145821,81.90211765,17.72760524,0,0,water
S004,3.121936186,62.80245021,24.95311378,0,0,water
S007,3.140183358,169.9673033,15.24080499,0,0,water
S008,3.381180406,94.10670188,20.710888,0,0,water
S001,3.101144591,133.9460497,12.32860369,0,0,water
S007,3.629869331,90.84527821,23.46145615,0,0,water
S007,2.734228896,157.3958343,19.88385913,0,0,water
S008,2.79416965,125.8261819,18.9257347,0,0,water
S003,3.479119162,85.72741716,11.49162089,0,0,water
S008,3.710275223,194.3973978,24.16614588,0,0,water
S007,3.844503728,51.95028853,11.28262796,0,0,water
S003,3.374562341,113.2136826,23.39007567,0,0,water
S010,3.737660997,104.4588818,10.51342166,0,0,water
S009,3.154189794,94.16986393,24.2267996,0,0,water
S010,3.34866493,197.8050968,17.06598179,0,0,water
S001,2.903016039,131.2451322,19.5021733,0,0,water
S004,2.698414317,185.0858452,20.36832786,0,0,water
S005,3.722581643,124.713613,11.007631,0,0,water
S007,2.659868095,71.0027808,13.95525704,0,0,water
S002,3.400775291,149.7555012,12.63056918,0,0,water
S010,3.133054089,103.0807065,24.37940766,0,0,water
S003,2.868023665,108.3943421,14.33040605,0,0,water
S007,3.415607001,192.3960196,15.9497406,0,0,water
S008,2.822410568,54.67747026,13.93396066,0,0,water
S002,3.434998826,121.1355963,15.16575598,0,0,water
S008,3.152241008,86.96030499,22.28653477,0,0,water
S006,3.385346,104.1460845,11.3737311,0,0,water
S010,3.535840349,128.1951001,11.30057818,0,0,water
S005,2.525154408,196.4667158,19.5584737,1,0,water
S009,3.91608901,55.91402171,20.58362759,0,0,water
S005,3.209815177,96.92822848,11.80783868,0,0,water
S008,3.956587368,191.6399734,17.11321325,0,0,water
S002,3.283651864,146.6819976,19.75251026,0,0,water
S002,3.827497535,129.5397699,16.61548243,0,0,water
S008,3.309236939,168.6084747,14.78128754,0,0,water
S010,2.119772671,132.5373606,16.92914276,1,0,water
S003,2.605044559,51.42281504,10.79025754,0,0,water
S009,3.371135811,90.75304566,15.97431076,0,0,water
S004,3.606373452,85.81657187,11.6571117,0,0,water
S004,3.573329973,138.3662802,14.15898469,0,0,water
S001,3.087445211,68.66563359,24.34623546,0,0,water
S006,3.973495773,182.6298467,19.0119767,0,0,water
S007,3.986752939,84.75075521,24.14097661,0,0,water
S010,2.570418036,107.6135917,10.55097906,0,0,water
S005,0.910976996,331.754081,23.25678827,0,1,water
S002,3.236779511,199.4503664,23.46154222,0,0,water
S009,3.389409902,137.0129312,11.37230256,0,0,water
S009,2.566564995,177.82903,10.53133553,0,0,water
S002,3.11267982,105.9032776,13.89630676,0,0,water
S006,3.016029766,79.91798958,23.41719896,1,0,water
S003,3.737021449,102.1713812,20.17024229,0,0,water
S006,3.281890468,180.2241206,13.67928298,0,0,water
S009,3.895135526,65.87511407,20.48486107,0,0,water
S010,3.198205013,181.860722,10.07717756,0,0,water
S007,2.741139844,172.6950536,22.48201267,0,0,water
S001,3.339766468,67.37657852,15.65043043,0,0,water
S006,2.925014422,52.76415781,16.48361176,0,0,water
S005,2.653764592,190.5842731,20.31828583,0,0,water
S001,3.656476439,156.2858007,17.10360833,0,0,water
S002,3.807305209,196.0233454,24.53316783,0,0,water
S007,2.598439217,173.2269421,15.57750294,0,0,water
S007,3.16885406,91.04399994,24.9568675,0,0,water
S007,3.290536144,173.8881149,14.47561646,0,0,water
S004,3.481766821,90.98892905,24.26295343,0,0,water
S005,3.864286766,178.6040138,24.46780708,0,0,water
S001,2.981114111,158.6634009,21.18755518,0,0,water
S008,3.052789516,179.6537375,17.0981486,0,0,water
S001,2.636746736,73.04870572,16.80540452,0,0,water
S005,3.867754052,195.1266895,12.78188312,0,0,water
S007,2.687778688,152.8347931,16.45458842,0,0,water
S006,3.372957103,90.34901067,21.96338651,0,0,water
S008,3.196897895,152.068494,15.93317626,0,0,water
S009,3.790183596,166.9776483,10.59428238,0,0,water
S001,2.654188607,135.6356753,10.27551455,0,0,water
S001,3.339473025,51.46562711,14.89691962,0,0,water
S001,3.73677107,103.6702026,14.83142053,0,0,water
S010,3.700880049,80.02253664,12.51223873,0,0,water
S003,3.844331954,139.2164956,19.24906873,0,0,water
S008,3.921025694,143.795699,21.75134089,0,0,water
S004,3.329502179,139.6213794,21.7574883,0,0,water
S010,3.157910825,158.723984,18.89917972,0,0,water
S003,2.828820981,196.3797884,15.05343688,0,0,water
S007,2.565492487,74.25088162,10.31291709,0,0,water
S008,3.962189743,147.548853,12.99313676,0,0,water
S001,3.760678609,76.12900049,24.41170827,0,0,water
S005,3.018902489,105.6558144,24.81474346,0,0,water
S009,3.157923129,158.7886491,17.30003412,0,0,water
S006,3.482514008,198.8199975,14.25781793,0,0,water
S002,3.44734033,159.9669534,11.97351528,0,0,water
S007,3.4488108,105.9272956,17.68922808,0,0,water
S009,2.870846612,180.6124852,16.67957883,0,0,water
S002,2.642892262,147.8184868,14.68222085,0,0,water
S005,2.987785096,166.0209689,11.96310491,0,0,water
S010,2.610245121,75.46368576,17.79660923,0,0,water
S001,3.174150753,138.1826557,24.22875032,0,0,water
S009,3.408307236,103.509808,18.00267888,0,0,water
S008,3.378031547,180.2406921,13.08761815,0,0,water
S002,2.684456213,84.66963686,10.77545256,0,0,water
S005,3.900812526,97.42341575,17.60852213,0,0,water
S005,3.219845622,152.8951604,10.26069685,0,0,water
S007,3.182109783,127.3394043,17.3326987,0,0,water
S004,3.557021144,80.27801782,20.1014865,0,0,water
S008,2.734245767,85.184194,24.45020249,0,0,water
S007,3.916921329,152.4872042,17.45762146,0,0,water
S008,3.652779047,66.96647286,21.93265558,0,0,water
S005,3.500457275,136.5777855,15.22860501,0,0,water
S009,3.799658001,199.0005406,21.28641644,0,0,water
S004,3.475767472,164.7786297,23.88512246,0,0,water
S009,2.975793575,180.3350938,15.63508378,0,0,water
S005,2.986878745,104.9692302,15.94259037,0,0,water
S009,3.394728212,131.8530333,16.66629179,0,0,water
S008,3.502319198,142.9235519,16.95241066,0,0,water
S002,3.218772816,53.84630987,15.11871741,0,0,water
S005,2.869104488,121.5043213,15.91547986,0,0,water
S005,2.793666979,51.13443125,19.71212071,0,0,water
S003,2.590401085,190.165404,15.27434031,0,0,water
S005,2.927309353,96.09349474,22.04538847,0,0,water
S004,3.576453679,109.985781,24.65087858,0,0,water
S007,3.521676781,77.21575215,17.87745076,0,0,water
S010,2.77784267,187.6628734,16.36791138,0,0,water
S008,3.289748791,66.84565166,10.03876022,0,0,water
S009,3.690615776,146.990887,12.62160164,0,0,water
S008,3.030132069,85.53058385,21.70788273,0,0,water
S007,3.501324849,64.33029708,19.35788987,0,0,water
S001,3.605310617,179.4195616,13.251097,0,0,water
S003,3.410641054,132.0046119,13.47920644,0,0,water
S009,3.98167828,70.46596288,20.42716831,0,0,water
S007,3.586775277,52.37316376,15.11635037,0,0,water
S006,3.367580376,91.12409998,11.19129053,0,0,water
S003,3.101781871,105.0434119,15.15340712,0,0,water
S002,3.504403924,60.48974086,19.60252336,0,0,water
S003,1.644939954,175.4877791,14.9950287,0,1,water
S002,3.169528527,100.0354324,18.7071251,0,0,water
S009,2.755716907,111.421678,16.3403367,0,0,water
S008,3.693174941,189.0766729,13.51963123,0,0,water
S005,3.605770338,165.2899707,13.65485074,0,0,water
S006,2.633686648,163.2905631,11.91570225,0,0,water
S002,2.59466355,67.64735427,13.4103595,0,0,water
S002,3.905436735,133.0703361,14.58286466,0,0,water
S004,3.810004993,74.2646317,21.79413935,0,0,water
S004,2.812765772,189.5892822,11.74549597,0,0,water
S008,3.298721789,158.2133101,12.11917074,0,0,water
S005,2.534340737,73.06867245,13.35421652,0,0,water
S010,3.733720845,69.87870091,22.93021723,0,0,water
S006,3.743998608,97.62971718,24.29196291,0,0,water
S002,2.602258464,53.87178604,12.02749434,0,0,water
S004,3.159267533,65.84970264,19.61239472,0,0,water
S007,2.72803728,59.20244407,21.71142379,0,0,water
S002,2.586670841,154.2552843,24.75518388,0,0,water
S009,3.674044061,89.80811138,12.66649582,0,0,water
S004,3.995045281,172.0955404,19.22829157,0,0,water
S006,3.139125076,69.60655651,23.29906323,0,0,water
S007,3.288256933,122.245227,12.65330718,0,0,water
S007,3.124230997,122.2016227,10.28788415,0,0,water
S010,2.784542272,142.842229,14.85250592,0,0,water
S005,3.702305668,193.9364966,17.31781066,0,0,water
S005,3.766535624,64.71238712,17.32361706,0,0,water
S002,3.214027194,106.3832428,15.91714418,0,0,water
S001,3.93300203,168.0355079,14.73110344,0,0,water
S001,3.761307369,55.76395234,23.52642988,0,0,water
S002,3.079523365,117.5186649,13.40447042,0,0,water
S003,2.65854022,198.2412907,16.64909631,0,0,water
S007,3.574485082,60.8126504,11.06885092,0,0,water
S005,3.081392847,119.2920405,24.87382613,0,0,water
S003,2.777793352,76.1164003,11.47593475,0,0,water
S010,2.531417442,62.32575012,24.51790052,0,0,water
S009,3.963986274,150.1025597,10.15641549,0,0,water
S009,3.46585638,129.54532,10.62926835,0,0,water
S008,2.670934952,122.9023254,23.80445772,0,0,water
S002,2.69214362,100.7401259,23.9212546,0,0,water
S010,3.419409374,191.4613757,13.61039068,0,0,water
S001,3.468716219,92.88601839,22.23920408,0,0,water
S009,3.316024869,145.4106146,13.31595057,0,0,water
S007,2.770891897,58.07873105,14.80089749,0,0,water
S002,2.661915572,152.7947024,11.37806332,0,0,water
S007,3.761054542,159.9202317,18.13355808,0,0,water
S006,3.347532989,153.3327953,23.09984374,0,0,water
S008,1.052683815,87.41796678,13.70018297,0,1,water
S010,3.486340469,96.6393395,21.13522076,0,0,water
S002,3.033076853,167.5687677,18.31339771,0,0,water
S006,3.749020704,51.65474214,21.24318227,0,0,water
S003,3.762955557,120.5478581,17.5307532,0,0,water
S004,3.583106407,182.9293671,18.89566501,0,0,water
S008,2.767558876,54.36070705,12.50327677,0,0,water
S001,3.3823034,122.1459335,19.63488289,0,0,water
S007,3.554415161,57.92059407,17.29896493,0,0,water
S003,3.247383523,61.55874187,10.87826394,0,0,water
S006,2.814762992,173.7696001,17.80444865,0,0,water
S001,3.151029049,63.29006445,13.30917929,0,0,water
S009,3.899669997,146.3847799,16.3187208,0,0,water
S006,3.986689648,162.0829382,21.0997958,0,0,water
S004,3.043353162,100.1766933,10.39295063,0,0,water
S006,3.277118149,94.80883604,24.11018868,0,0,water
S003,3.065371247,119.259922,17.21359001,0,0,water
S004,2.700219959,62.09022706,20.9190896,0,0,water
S009,2.510543806,58.59203766,13.37835553,0,0,water
S004,3.485432734,193.4921932,11.03437025,0,0,water
S007,2.870468199,185.9381871,13.743193,0,0,water
S010,3.767184154,90.22085301,12.34572707,0,0,water
S002,3.85965618,70.88680567,17.98631023,0,0,water
S002,3.598673098,132.2480876,11.91982313,0,0,water
S010,2.178009719,101.4531111,20.96231447,1,0,water
S008,3.007394658,96.30481151,24.20553982,0,0,water
S001,2.726870243,83.79753949,13.76449992,0,0,water
S001,3.970775233,84.11142438,16.05966814,0,0,water
S001,3.315307326,62.25880186,16.87450962,0,0,water
S002,3.496281872,82.41356798,11.46343765,0,0,water
S007,3.318147804,59.34096588,17.68753973,0,0,water
S003,3.679417299,80.20456732,13.87931252,0,0,water
S004,3.279078789,80.73219112,23.16745117,0,0,water
S009,3.340273388,162.609426,18.36971108,0,0,water
S003,3.863830309,130.8052697,17.46718762,0,0,water
S009,3.096072086,64.0111958,16.61608237,0,0,water
S008,2.930706937,168.9281629,18.66390049,0,0,water
S008,3.280285785,117.140441,18.36730288,0,0,water
S003,3.845779511,75.328131,17.60576656,0,0,water
S008,3.840984565,148.1438828,12.28156425,0,0,water
S006,3.785310904,67.64659822,21.09595498,0,0,water
S007,1.870075808,178.7783278,14.84516798,1,0,water
S005,3.339633525,129.1099433,20.79030434,0,0,water
S005,3.960186085,100.5260753,14.44734672,0,0,water
S009,3.206751848,173.2455347,16.88897796,0,0,water
S003,3.819732871,128.8152369,13.66509911,0,0,water
S001,2.859811169,71.29579846,15.21912117,0,0,water
S009,3.153258182,136.5874596,21.07103685,0,0,water
S003,2.5466734,160.8942103,11.59515589,0,0,water
S007,2.750698017,148.2923615,24.87613926,0,0,water
S003,3.54122586,126.898213,14.57966015,0,0,water
S005,3.112459514,163.88731,23.55411767,0,0,water
S002,3.476152821,181.1340086,10.00282599,0,0,water
S006,2.840095574,107.241791,11.93273068,0,0,water
S004,2.527000133,113.2166062,10.40762524,0,0,water
S009,2.938327346,186.6155242,21.30942855,0,0,water
S007,3.432016746,133.877721,19.42357166,0,0,water
S004,2.668870586,155.5528966,18.11047715,0,0,water
S001,3.203151948,95.18978911,18.97536226,0,0,water
S009,2.572214254,185.4342493,22.78395812,0,0,water
S009,3.983542538,143.9264257,17.96974781,0,0,water
S003,2.901665013,168.374127,18.60024018,0,0,water
S005,3.398467762,67.23994956,11.40785927,0,0,water
S001,2.59703034,193.3736726,10.37712937,0,0,water
S006,3.151893941,166.0819484,19.02885147,0,0,water
S008,3.92216248,116.7869168,21.83203396,0,0,water
S004,3.076766991,123.1500603,19.78336389,0,0,water
S007,3.975760469,90.34384187,16.10457864,0,0,water
S006,2.568473118,71.00361463,14.15221462,0,0,water
S001,3.433779544,120.4615644,16.71202212,0,0,water
S006,3.781203996,57.42452802,22.49975607,0,0,water
S007,3.703878519,135.8072965,17.69001589,0,0,water
S009,3.725023263,92.68434526,22.27310003,0,0,water
S007,2.219794957,146.2231967,20.53388149,1,0,water
S003,3.116531613,186.1416504,20.71048967,0,0,water
S010,3.932590767,173.1797424,10.02347658,0,0,water
S007,2.560838106,180.7396591,13.85041342,0,0,water
S004,3.053579533,68.15375007,16.28421685,0,0,water
S010,2.981621646,162.4776147,16.19012989,0,0,water
S003,3.390491187,51.5196776,19.5414407,0,0,water
S003,3.585959583,68.08376246,23.53679961,0,0,water
S008,3.730018944,154.2323561,17.98739049,0,0,water
S010,3.865201955,171.2033945,13.24077048,0,0,water
S006,3.768406544,153.873924,16.44896616,0,0,water
S005,3.792613742,138.5428314,13.39418662,0,0,water
S009,3.146477831,97.83002275,18.7329812,0,0,water
S004,3.089461338,128.8718898,17.6752208,0,0,water
S005,3.835145553,101.8816191,12.31689621,0,0,water
S003,3.01090625,60.75678333,16.14443342,0,0,water
S005,3.296628017,176.2585043,18.70332278,0,0,water
S001,2.710829451,122.8384549,10.4130508,0,0,water
S004,2.648953304,81.32961061,23.88455995,0,0,water
S006,3.634320421,118.7784513,14.33867158,0,0,water
S010,1.612130195,147.909747,16.6619157,1,0,water
S004,1.679806439,221.7581783,21.60308337,1,0,water
S005,3.750474943,116.0662025,14.53499874,0,0,water
S001,3.261169549,151.6080982,13.52555822,0,0,water
S001,3.370701401,70.8795052,16.66065624,0,0,water
S003,3.673582494,160.1866885,14.50734078,0,0,water
S003,2.801968162,109.2706615,10.59189299,0,0,water
S003,2.698558569,138.9521751,18.98680878,0,0,water
S006,2.695978516,168.5764691,11.87231221,0,0,water
S010,2.972543557,88.0666765,16.94013408,1,0,water
S010,3.237127266,128.3666218,18.44067549,0,0,water
S009,3.043402131,158.8574695,23.41678835,0,0,water
S004,3.709884013,121.4725076,24.94184424,0,0,water
S001,3.770453281,183.9635308,10.9368639,0,0,water
S007,2.528674142,121.5265202,20.31583064,0,0,water
S010,3.448816165,146.6705416,22.29696707,0,0,water
S009,1.8476111,220.1940477,13.00976526,1,0,water
S004,3.751216896,161.0714198,12.14275431,0,0,water
S009,3.649173899,176.888216,19.20406171,0,0,water
S004,3.110659734,59.90147662,15.23230801,0,0,water
S002,2.509133122,65.14118,23.03416378,0,0,water
S002,3.691773317,156.0629716,10.75339017,0,0,water
S002,2.921506748,170.5224115,23.9384208,0,0,water
S007,3.21465548,83.90434967,19.60714063,0,0,water
S005,3.124182142,163.9417143,12.81764279,0,0,water
S010,3.378797183,143.7175794,11.07663709,0,0,water
S004,2.954791089,93.49551784,18.44933396,0,0,water
S008,2.907114071,124.5043134,14.26411139,0,0,water
S009,3.622967851,97.63801929,10.0020204,0,0,water
S006,3.560464731,59.40344324,22.59007739,0,0,water
S009,2.624073192,189.6331058,22.4007199,0,0,water
S002,2.970021876,168.3398708,23.37808217,0,0,water
S008,3.946117625,63.39342868,20.305289,0,0,water
S009,3.555785637,50.65449045,12.50429633,0,0,water
S001,2.917659112,69.44009768,20.14162347,0,0,water
S004,3.672735795,146.6223832,10.72279019,0,0,water
S009,3.213951597,66.64662869,19.51636218,0,0,water
S007,3.651351443,112.4756648,22.3326983,0,0,water
S009,3.804644765,159.5744541,19.71569757,0,0,water
S002,3.092101531,189.6210946,11.88586403,0,0,water
S005,3.523290821,120.2231212,18.68762883,0,0,water
S009,3.734964145,167.3023002,18.15708592,0,0,water
S005,3.866603054,175.7398039,20.64074451,0,0,water
S003,3.106434621,129.6406518,18.92697512,0,0,water
S004,2.562485228,109.6471369,21.43463548,0,0,water
S001,3.281944071,196.4020735,11.88325322,0,0,water
S009,2.680310844,89.83742494,10.26328545,0,0,water
S010,2.834895078,146.2789938,18.55974436,0,0,water
S007,3.818882672,151.3370138,18.20444877,0,0,water
S008,3.186993639,109.7007939,14.54373593,0,0,water
S002,3.404937709,121.0101322,10.89574733,0,0,water
S008,3.914086479,167.7784315,24.86991852,0,0,water
S006,3.048521122,83.8071902,12.93749626,0,0,water
S010,2.972720559,91.43559875,24.72479986,0,0,water
S001,3.017788313,187.6228765,14.35756759,0,0,water
S009,3.534999606,153.5144837,23.95910207,0,0,water
S008,2.701412276,193.6901182,17.94489586,0,0,water
S005,3.943465304,143.1362885,23.92990431,0,0,water
S003,2.74862467,116.8312458,13.13778198,0,0,water
S002,3.780677383,86.29656955,24.40940463,0,0,water
S008,3.567584209,197.1715598,18.54309669,0,0,water
S003,2.764143207,82.0935558,10.19544352,0,0,water
S002,3.547466736,109.2808889,24.29345194,0,0,water
S010,3.21535016,157.7496763,13.71010474,0,0,water
S004,3.347627969,165.7440366,17.48343497,0,0,water
S005,3.065478313,132.7985453,22.07129683,0,0,water
S008,3.772063134,159.3292163,11.43098916,0,0,water
S003,2.253135647,87.48293304,23.52074645,0,1,water
S009,3.641511885,105.75861,15.88687279,0,0,water
S001,2.128402779,108.0570128,19.33059344,1,0,water
S001,2.860598369,78.73894186,23.7735863,0,0,water
S009,2.558394945,55.40282274,12.62832658,0,0,water
S004,3.372433439,115.4921285,18.70133252,0,0,water
S003,2.715721525,114.5154315,23.55636358,0,0,water
S004,3.734741246,183.3331136,18.16758654,0,0,water
S003,3.390703721,54.92144362,19.54063703,0,0,water
S003,3.260380657,111.4118108,22.16317872,0,0,water
S002,3.660859333,102.8903909,22.37181784,0,0,water
S005,2.92370864,113.7842278,10.56356636,0,0,water
S009,3.385646635,59.19964335,15.43264382,0,0,water
S007,2.956298079,95.59137684,13.45624993,0,0,water
S006,3.597587105,146.0953389,16.23915857,0,0,water
S005,3.568932,172.51692,12.72420952,0,0,water
S006,3.108626753,83.0732652,21.43724327,0,0,water
S007,3.316745439,156.3981243,12.50981956,0,0,water
S010,3.222801219,104.2565382,24.2381294,0,0,water
S005,2.653773946,127.0781696,17.63335833,0,0,water
S008,2.738537506,77.02936312,11.47352488,0,0,water
S010,3.593471592,179.2536356,14.11107384,0,0,water
S006,3.003415681,196.7788203,22.84805836,0,0,water
S007,3.323964657,96.79760305,17.2375063,0,0,water
S004,3.076532558,53.77901209,22.58495992,0,0,water
S002,3.156491992,85.24601075,20.57306515,0,0,water
S001,3.311101851,114.4393915,14.63251636,0,0,water
S003,3.928700675,84.00910735,23.1901153,0,0,water
S007,2.974824498,172.4616177,17.52273192,0,0,water
S007,3.357618975,174.9245565,23.59130591,0,0,water
S001,3.323287998,93.14490936,14.60164899,0,0,water
S001,3.145810314,181.6976745,19.0825715,0,0,water
S002,3.149150319,152.8165825,14.98684236,0,0,water
S004,3.973074306,167.7292734,21.0023012,0,0,water
S006,3.401654043,198.5542673,14.87880859,0,0,water
S008,2.60125382,127.8051492,12.69047023,0,0,water
S009,3.606827477,155.6831642,16.34092955,0,0,water
S003,2.807999408,122.4559546,14.02800634,0,0,water
S006,2.71591287,139.3039492,12.58165904,0,0,water
S009,2.638100479,139.8566881,19.35473167,0,0,water
S002,3.555688466,105.9889722,18.45489957,0,0,water
S006,2.969361091,90.66443806,18.96502424,0,0,water
S010,3.173627118,141.8387226,13.19627513,0,0,water
S008,3.381378807,155.1709392,20.20167828,0,0,water
S004,3.904400709,131.2985112,24.09477267,0,0,water
S010,3.609112345,82.2001796,19.97491774,0,0,water
S002,2.638938225,162.2576525,23.71822996,0,0,water
S009,3.15757747,199.439343,13.43757927,0,0,water
S002,3.571079085,63.70872295,12.98905505,0,0,water
S001,2.821609724,90.62094921,13.71339655,0,0,water
S003,2.823016572,139.5643655,18.92204822,0,0,water
S002,3.707635478,173.4475708,23.99065762,0,0,water
S010,3.27041657,88.00357551,24.81489389,0,0,water
S001,3.881149913,137.6673365,18.07497915,0,0,water
S006,3.789735753,55.25118722,21.81060018,0,0,water
S006,3.141402001,116.3818272,19.73983487,0,0,water
S002,3.250120177,167.7646571,18.982681,0,0,water
S007,2.584264116,123.6643594,23.90665943,0,0,water
S006,3.482760572,89.0354897,12.39238394,0,0,water
S010,3.913796961,162.0164959,20.80848323,0,0,water
S004,2.933781169,96.4710313,13.7493542,0,0,water
S005,3.613796249,61.49537097,23.08953704,0,0,water
S007,3.929222526,99.0113813,15.31637423,0,0,water
S001,2.977913444,185.5337665,11.16461164,0,0,water
S009,3.788225157,151.5411174,22.56862562,0,0,water
S009,2.51987655,94.39143333,16.88783851,0,0,water
S004,2.844397241,67.63269502,12.47926735,0,0,water
S006,3.684148291,94.5180023,18.12054415,0,0,water
S010,3.822493723,68.22430866,19.51958885,0,0,water
S010,3.411629025,86.80284712,10.86598239,0,0,water
S008,3.424450729,133.5317665,16.23662655,0,0,water
S010,3.117797111,163.0391946,13.05500707,0,0,water
S001,3.447128382,129.87561,11.73091963,0,0,water
S007,2.714262947,153.8110471,13.09378171,0,0,water
S007,3.659480082,192.7163043,21.64733954,0,0,water
S003,3.341017442,144.2639685,20.32947444,0,0,water
S009,3.303484899,175.4176555,22.32082544,0,0,water
S003,2.92826317,129.7366095,17.65842693,0,0,water
S003,2.520051525,111.4608855,19.71661349,0,0,water
S002,2.600460418,181.602568,15.84107408,0,0,water
S004,3.472477011,61.11581339,15.63203393,0,0,water
S010,2.981743229,83.01669889,15.25780801,0,0,water
S004,3.19635778,158.4106628,19.85094227,0,0,water
S002,3.492526433,122.5984052,10.07970214,0,0,water
S009,3.37152264,113.9106466,18.22048535,0,0,water
S010,3.637752821,52.19423883,13.1086345,0,0,water
S009,3.02044399,108.6132728,12.38018311,0,0,water
S005,3.481199106,183.3691886,18.68210132,0,0,water
S010,3.122456823,156.9166514,15.79317989,0,0,water
S002,3.137276264,186.1757771,17.6058947,0,0,water
S002,2.700475872,116.5788783,16.76164426,0,0,water
S006,3.299877099,145.5142576,21.22349247,0,0,water
S005,3.541961438,82.80734195,18.92954899,0,0,water
S004,3.192284391,197.4958485,21.80062511,0,0,water
S001,3.14851934,54.67236392,13.89364674,0,0,water
S003,3.736490338,144.5059818,22.87180591,0,0,water
S008,2.987935928,185.1441344,24.9423651,0,0,water
S001,2.437830489,75.7914662,11.42376905,1,0,water
S010,2.508577872,119.873863,18.56743448,0,0,water
S003,2.533638834,104.0640241,21.75607377,0,0,water
S005,2.84802727,52.15721691,21.4653008,0,0,water
S007,3.755679442,142.92893,18.45093026,0,0,water
S010,3.085890411,60.39924956,19.5748336,0,0,water
S009,2.843313194,139.5277815,23.92273147,0,0,water
S005,3.44960898,120.3927841,16.64589043,0,0,water
S010,3.572650242,138.9737329,10.80021995,0,0,water
S007,3.795462132,66.50949263,23.87570763,0,0,water
S009,3.472958435,91.29323202,12.34309853,0,0,water
S008,3.557708718,118.2757988,20.01640887,0,0,water
S004,3.528093015,53.74493332,12.57151265,0,0,water
S004,3.94138022,130.3902618,17.32743449,0,0,water
S005,3.750687926,146.3866415,11.17836746,0,0,water
S006,3.553960309,59.97914123,13.46191981,0,0,water
S007,3.824372225,148.8568115,13.16847747,0,0,water
S005,3.700110148,182.6874939,11.87830839,0,0,water
S001,3.4339458,196.0073929,16.97514276,0,0,water
S004,3.021260624,115.3090469,15.93942383,0,0,water
S003,3.327815705,168.4114133,16.24327088,0,0,water
S002,2.902843251,65.14671602,12.51236634,0,0,water
S009,3.951642198,115.961073,14.17552722,0,0,water
S008,2.829560186,53.07812221,22.39927518,0,0,water
S004,2.815760409,171.353546,12.20382885,0,0,water
S008,2.624105253,122.6806993,14.53629267,0,0,water
S005,3.217744174,167.083404,14.55435907,0,0,water
S007,2.623408486,118.9376086,14.59695202,0,0,water
S008,1.520604967,125.7445997,15.20593553,0,1,water
S007,3.760162118,198.4176696,23.34278967,0,0,water
S002,3.206301034,148.4082533,18.39368282,0,0,water
S009,3.789692012,111.0207201,14.92349659,0,0,water
S008,2.794628824,192.7167238,12.63237441,0,0,water
S010,3.804409124,110.416375,24.55353017,0,0,water
S006,2.697480383,178.2055175,12.47953429,0,0,water
S006,3.738566427,92.85613515,23.90685673,0,0,water
S009,3.678464655,87.9197666,24.0834244,0,0,water
S005,2.76268471,150.9146922,13.30756395,0,0,water
S007,3.383399612,162.7514258,19.35216746,0,0,water
S004,3.625398646,72.80728511,16.87485392,0,0,water
S010,2.855627063,192.2754415,24.16998598,0,0,water
S007,2.509652817,165.8774429,20.53732512,0,0,water
S001,3.556124907,190.275813,15.63707524,0,0,water
S005,3.644340003,56.81787507,19.69900666,0,0,water
S004,3.264781014,125.1913467,10.75364515,0,0,water
S004,3.892575258,199.4597441,21.94011104,0,0,water
S001,3.660071572,187.2448798,12.8370865,0,0,water
S008,2.799761907,58.32875492,18.52697348,0,0,water
S010,3.516089695,134.8672332,23.93717076,0,0,water
S005,3.624139009,114.6668608,11.31322996,0,0,water
S008,2.545155808,194.2238487,20.0180186,0,0,water
S001,3.480075248,78.84648441,14.43481812,0,0,water
S004,3.608600464,91.61970196,14.22424063,0,0,water
S001,3.559369244,143.4034311,24.85163269,0,0,water
S008,2.36229456,228.4943974,11.33484572,1,0,water
S002,3.892945843,59.2712691,11.38540792,0,0,water
S008,3.012137904,117.3168206,23.69849021,0,0,water
S006,3.492870449,162.6765705,21.30802124,0,0,water
S005,2.672195391,191.2299365,21.76309262,0,0,water
S010,3.575680853,178.4198749,15.35153067,0,0,water
S007,2.660585768,116.008707,20.9456786,0,0,water
S004,3.746423757,67.98366402,21.02388771,0,0,water
S010,2.949913105,139.4122933,16.50765884,0,0,water
S005,3.032697472,56.78737835,13.26863062,0,0,water
S005,3.731471526,134.9907888,19.85545747,0,0,water
S009,3.913988765,62.41010594,13.80906658,0,0,water
S005,3.195972547,67.80636433,24.70852341,0,0,water
S002,3.608300016,54.86651691,19.88076458,0,0,water
S010,3.684238448,162.224124,18.41883517,0,0,water
S009,2.547667727,167.3076154,13.60106111,0,0,water
S009,3.538016884,118.6893492,13.39782439,0,0,water
S010,3.03881312,173.532834,22.31044241,0,0,water
S008,2.73745585,57.76788331,18.35965863,0,0,water
S006,3.348532258,77.40085764,12.09398301,0,0,water
S001,2.913636107,80.63701384,10.25134457,0,0,water
S007,3.297358229,54.89885912,17.13394288,0,0,water
S002,3.956726361,134.3283217,20.72129915,0,0,water
S007,3.26845052,166.0358153,10.66060569,0,0,water
S004,3.325995069,110.4811634,22.50466016,0,0,water
S001,3.848890538,194.339217,16.6617287,0,0,water
S005,2.605162209,109.2888973,12.72668301,0,0,water
S004,3.128774314,75.23054836,23.18995324,0,0,water
S008,3.953011908,89.35144502,14.69575218,0,0,water
S003,3.069425147,97.48801399,14.28549391,0,0,water
S002,3.516157107,114.2686856,20.97244696,0,0,water
S005,2.512088655,191.4762234,13.55716699,0,0,water
S006,2.876753901,176.6318488,17.26030859,0,0,water
S004,2.82280672,182.6532726,18.39108139,0,0,water
S004,2.986518712,85.08453972,13.16329342,0,0,water
S003,1.206346397,198.251455,21.74946974,0,1,water
S007,3.189476229,114.6475853,14.56738799,0,0,water
S005,2.960824626,131.9687813,16.25790128,0,0,water
S009,3.695816609,158.6348821,20.35608583,0,0,water
S009,3.492578024,140.3674163,12.44528671,0,0,water
S005,3.922377307,95.69035337,13.96773706,0,0,water
S009,3.129441074,57.59337084,10.59087751,0,0,water
S005,3.596736017,192.0134053,21.72423219,0,0,water
S010,3.382528331,109.6526622,24.6070062,0,0,water
S008,3.856364937,106.2082956,18.24802844,0,0,water
S001,2.832672967,97.63318698,13.89082601,0,0,water
S004,3.175087959,100.6181418,23.06032683,0,0,water
S010,3.494194411,180.5950822,21.38630399,0,0,water
S004,2.742051038,135.7993817,22.08148494,0,0,water
S004,3.600858066,101.983814,16.11573656,0,0,water
S006,2.552009056,108.7865844,20.45745538,0,0,water
S004,3.829129163,184.3534916,14.45930806,0,0,water
S006,3.812677067,168.5780765,12.11661391,0,0,water
S005,2.734475456,160.6926421,15.40711758,0,0,water
S002,2.545031998,116.679238,17.56928537,0,0,water
S003,3.366710575,179.9152318,14.34159282,0,0,water
S004,3.169662883,142.8158116,19.98047813,0,0,water
S007,3.901649558,153.3631481,22.34909819,0,0,water
S010,3.285400821,88.03761755,17.06425088,0,0,water
S005,3.648045046,87.95395114,22.98343575,0,0,water
S008,2.63990717,194.5734741,12.02620219,0,0,water
S006,3.40472518,152.3798689,18.6303876,0,0,water
S009,2.527579213,119.6100034,24.14592846,0,0,water
S006,2.828070833,58.99149513,11.96460614,0,0,water
S009,3.995363828,77.51786017,18.91212794,0,0,water
S010,2.520523622,62.239808,13.87887387,0,0,water
S001,3.5092707,158.6381791,17.38898508,0,0,water
S002,2.57562516,183.5576481,18.65321802,0,0,water
S010,3.320044492,175.9730528,11.9122852,0,0,water
S006,2.714922188,157.207825,14.40030132,0,0,water
S004,3.408221876,96.1829573,22.56296251,0,0,water
S007,2.501668141,90.79318391,13.26837069,0,0,water
S007,2.524365165,159.3167082,14.85295619,0,0,water
S007,2.689406706,172.0151723,23.86381412,0,0,water
S005,2.655151172,110.3040825,20.934088,0,0,water
S001,2.520451036,98.40898591,18.31535022,0,0,water
S008,3.841606583,173.5409631,23.48181835,0,0,water
S006,3.499401792,198.3253297,13.38591586,0,0,water
S007,2.621557916,174.4584299,24.65191559,0,0,water
S003,3.83697731,119.5721375,14.80040975,0,0,water
S002,3.508760894,152.3287534,14.72859152,0,0,water
S003,3.499925627,67.93429966,18.5896428,0,0,water
S003,3.249938488,159.5373784,19.28759103,0,0,water
S006,2.961294693,123.8081734,21.9476278,0,0,water
S008,3.945219921,66.20668391,17.17736605,0,0,water
S004,3.477851298,174.8625775,24.63209542,0,0,water
S010,2.943497559,189.8816884,17.84819582,0,0,water
S004,2.961656358,142.0456854,23.4690294,0,0,water
S006,2.807886315,71.44364213,23.6160315,1,0,water
S003,3.867008785,53.14011767,14.73659727,0,0,water
S006,2.95452626,194.9821275,19.42179297,0,0,water
S010,3.118419592,190.2094873,13.7631865,0,0,water
S009,3.066758821,59.30551454,15.08957901,0,0,water
S001,2.659505946,67.1209954,24.1157239,0,0,water
S009,3.122238483,108.0911617,19.89535409,0,0,water
S006,3.183074703,112.2440654,20.95738716,0,0,water
S010,3.216124284,140.2710101,18.72604971,0,0,water
S001,2.743806981,151.3431964,10.57129451,0,0,water
S004,3.328549207,139.2844599,23.07869592,0,0,water
S003,2.943201887,129.4955512,20.17587828,0,0,water
S003,2.727168283,114.9157227,18.93519736,0,0,water
S010,3.204873058,125.3736315,13.01156462,0,0,water
S004,3.67520434,91.56038746,24.11320254,0,0,water
S007,2.988527203,109.120407,19.05001294,0,0,water
S002,3.370967839,190.3905872,20.08376031,0,0,water
S006,3.42689734,101.2770928,23.10812433,0,0,water
S005,3.15978346,146.5934869,15.71427768,0,0,water
S002,3.074823049,82.44991664,16.63866019,0,0,water
S004,2.799117397,89.6707725,17.55320472,0,0,water
S006,3.199174439,116.8079789,10.21850732,0,0,water
S007,3.407634278,83.07314591,19.38476184,0,0,water
S005,3.40653898,164.5538404,17.85102056,0,0,water
S007,3.162750557,74.50501376,12.76688577,0,0,water
S006,3.077653904,178.2208668,24.28622959,0,0,water
S010,2.717990039,125.8545116,10.93062125,0,0,water
S003,3.817050269,133.6810513,24.39686531,0,0,water
S006,3.733508667,185.4145682,17.8734998,0,0,water
S008,2.944918723,61.57812953,12.5483061,0,0,water
S009,2.749112279,58.86587313,20.36089473,0,0,water
S002,3.508584719,75.48088916,10.83123833,0,0,water
S009,3.123164501,53.60075673,15.03057409,0,0,water
S003,3.951704106,132.4796268,24.44738541,0,0,water
S005,2.645448506,76.85474562,21.96271068,0,0,water
S002,2.997979707,167.2448837,16.55577283,0,0,water
S003,3.98877193,86.10057721,23.11461001,0,0,water
S009,3.446076167,160.9524347,19.18413649,0,0,water
S007,2.908975971,159.7343179,15.58180323,0,0,water
S001,3.935795445,183.520708,19.78412666,0,0,water
S007,1.016991861,109.809892,19.49203916,0,1,water
S006,3.819402245,186.0562941,24.87299164,0,0,water
S007,3.22570381,112.75843,15.36716874,0,0,water
S001,3.48385497,79.82210914,14.72515761,0,0,water
S008,2.881810814,120.9541255,10.6497291,0,0,water
S005,3.351086416,169.4365414,21.02537779,0,0,water
S007,2.975958216,186.7939376,10.91393083,0,0,water
S010,2.509696537,124.4358833,14.28438983,0,0,water
S002,3.912211356,76.16139007,17.07474236,0,0,water
S001,3.042470642,68.80630239,13.80419156,0,0,water
S001,3.792497327,136.5675624,23.35987683,0,0,water
S003,3.417469629,94.36213439,13.83615552,0,0,water
S008,2.870285541,95.9623174,18.3270068,0,0,water
S009,2.622362388,63.16823556,12.57744191,0,0,water
S008,3.100469254,171.7799186,10.20793204,0,0,water
S009,2.940302189,89.89965396,14.99171303,0,0,water
S005,1.727151256,245.6443117,20.18599907,0,1,water
S008,3.457733177,97.96147931,10.85675745,0,0,water
S005,2.70718794,178.8667636,17.50087389,0,0,water
S008,2.560433419,126.8322062,20.20719194,0,0,water
S007,2.625587407,107.8909266,15.60920702,0,0,water
S002,2.992837225,58.16990711,12.73687061,0,0,water
S010,3.589166889,105.0442111,12.20840612,0,0,water
S005,2.848337036,110.7988041,14.03742356,0,0,water
S008,3.737817057,169.2587026,14.85596238,0,0,water
S003,3.934437822,106.5014661,15.08860992,0,0,water
S008,3.718586086,62.36089578,18.99951787,0,0,water
S007,3.785846406,164.6976426,12.20042671,0,0,water
S009,2.580658467,150.4035476,13.46919892,0,0,water
S003,2.765690716,50.77094414,16.68114282,0,0,water
S007,3.627737719,171.7919352,24.18624553,0,0,water
S009,3.979844671,139.675998,11.22948602,0,0,water
S003,2.753287695,58.04521873,20.76197486,0,0,water
S007,2.752417883,175.4663289,18.23364447,0,0,water
S009,2.310685973,143.5184864,21.89594543,1,0,water
S001,2.956362796,70.88702669,19.18012795,0,0,water
S006,3.024694093,179.3744761,13.49609218,0,0,water
S009,1.528540744,218.5110661,18.73942969,1,0,water
S009,2.757394551,75.11896168,16.93890321,0,0,water
S009,2.707557392,197.4109311,13.74959336,0,0,water
S008,3.295093683,120.1970694,16.16063868,0,0,water
S002,3.473120671,112.8454661,16.87042925,0,0,water
S005,3.491197795,161.9544326,14.67357609,0,0,water
S003,2.58209906,80.63631596,16.28042715,0,0,water
S004,3.269469025,92.20894733,22.33342169,0,0,water
S001,3.586043783,189.3211941,16.45803731,0,0,water
S002,2.609505389,161.6042871,20.66501443,0,0,water
S006,2.662043436,84.89549576,21.25391191,0,0,water
S008,3.703602677,101.1866675,16.6627511,0,0,water
S002,3.799053513,51.48660432,21.6706946,0,0,water
S008,2.981086787,134.3644061,14.19167961,0,0,water
S001,3.786295912,64.60503407,20.59557995,0,0,water
S010,2.852131633,172.8303906,15.05995913,0,0,water
S001,3.927095293,70.55313651,18.06376939,0,0,water
S009,2.937041609,112.6092173,15.65300321,0,0,water
S003,2.995233925,66.0201056,24.30104319,0,0,water
S001,2.971943363,151.1026302,22.66472296,0,0,water
S007,2.68576904,60.58034564,23.64144256,0,0,water
S006,2.616784779,193.3172287,13.7044175,0,0,water
S006,2.519843219,126.7670685,21.54163869,0,0,water
S009,3.704471952,197.1190708,19.08889293,0,0,water
S004,3.631805374,116.8179395,18.88332099,0,0,water
S001,3.255017696,169.4660842,21.0920385,0,0,water
S005,3.102246416,168.9692807,13.30763181,0,0,water
S007,2.891377869,195.4423908,21.02062855,0,0,water
S009,3.558934355,125.5532914,22.4372596,0,0,water
S010,3.651954967,144.2849601,19.49894802,0,0,water
S007,3.83120341,143.8150175,22.12402317,0,0,water
S004,3.453467983,103.393666,12.22760172,0,0,water
S001,3.138996279,195.1614237,19.86648075,0,0,water
S009,3.289123778,163.8966283,20.68998428,0,0,water
S010,2.770237972,66.47946706,23.25525952,0,0,water
S006,2.608415421,136.3678794,22.80481823,0,0,water
S005,3.080210863,62.08712184,12.20744877,0,0,water
S005,3.773385804,109.5907209,13.68325939,0,0,water
S001,2.74254183,194.874848,13.08691565,0,0,water
S007,2.923551879,62.14306042,23.14920741,0,0,water
S002,2.801895682,183.5354933,11.72359515,0,0,water
S008,3.396143864,182.1342741,10.74408863,0,0,water
S005,3.808938828,63.06639342,17.31076663,0,0,water
S001,3.167278649,123.3572601,15.27474809,0,0,water
S001,3.146287413,96.82878257,20.8766674,0,0,water
S008,3.6909027,191.1488484,19.3481556,0,0,water
S006,3.092580007,57.68951888,16.02814407,0,0,water
S007,3.035473644,145.2116212,12.79629707,0,0,water
S010,3.394650932,122.7034275,10.40301481,0,0,water
S004,3.57268753,193.5702249,16.40657568,0,0,water
S001,3.560918368,87.82593162,16.70089703,0,0,water
S004,2.580672946,53.3128768,15.36941792,0,0,water
S002,2.72971675,159.2174656,19.00377115,0,0,water
S004,3.127436667,96.41191923,24.05086834,0,0,water
S004,2.679071517,99.17642568,22.23618071,0,0,water
S007,3.33324592,137.5878934,13.10490402,0,0,water
S007,3.77132145,77.27264793,16.45519799,0,0,water
S005,2.678659804,71.0820692,14.29710607,0,0,water
S009,3.339616992,178.6902371,20.00391171,0,0,water
S010,3.895247804,129.138196,13.88356412,0,0,water
S001,3.687836986,171.7358007,17.23411,0,0,water
S002,3.069606107,142.5791341,24.54728297,0,0,water
S001,3.581698536,77.56769977,14.92578249,0,0,water
S009,3.111834413,91.94544777,12.04555491,0,0,water
S008,3.661629242,107.8330347,17.60028686,0,0,water
S006,3.337256776,102.0503503,23.99301535,0,0,water
S001,3.587044381,175.4623395,22.93734433,0,0,water
S010,2.574492237,143.5278793,10.94659554,0,0,water
S005,3.277015647,142.1279366,13.54914674,0,0,water
S008,3.625229844,118.5226707,22.68501024,0,0,water
S009,3.653120697,59.29197779,18.65211879,0,0,water
S004,3.137430279,107.4324721,20.78613431,0,0,water
S002,2.893612565,113.2568926,10.59883799,0,0,water
S006,3.480680127,102.5298022,19.25829374,0,0,water
S007,3.649893917,194.9411447,24.55111685,0,0,water
S008,3.275814142,177.2272247,20.2776177,0,0,water
S006,2.754638802,64.3461044,16.28704262,0,0,water
S005,2.746898911,59.58196511,14.76083275,0,0,water
S010,3.272113291,64.93695703,10.24042235,0,0,water
S006,3.54237757,51.58266837,15.91135229,0,0,water
S007,3.372582291,164.952082,16.09624805,0,0,water
S010,3.578851629,90.73256828,14.74322684,0,0,water
S007,3.640600101,151.4597553,14.51449479,0,0,water
S001,1.619930262,183.4780167,24.16313258,1,0,water
S007,2.813646047,69.55296951,13.05302311,0,0,water
S005,2.976857011,51.31658179,15.73199363,0,0,water
S009,3.307544653,186.9844529,15.81959132,0,0,water
S002,3.627134976,191.2001589,20.1492585,0,0,water
S004,1.066342292,133.1013304,19.41201848,0,1,water
S005,3.098689151,86.33857364,13.05231992,0,0,water
S008,3.008219532,110.7722831,13.58521802,0,0,water
S005,2.770986312,192.1529266,13.28157563,0,0,water
S004,3.233840882,70.0016701,13.63816415,0,0,water
S004,2.949894096,121.1462997,12.52030078,0,0,water
S008,3.374960872,182.6515142,12.27614369,0,0,water
S006,2.616224461,92.34707513,18.77945243,0,0,water
S008,3.492014018,55.7601316,15.52375161,0,0,water
S002,3.785253025,120.0317149,15.39579793,0,0,water
S004,3.908315463,94.24187361,17.13195409,0,0,water
S002,3.794439435,122.0839911,11.0313086,0,0,water
S010,3.739696914,133.6533037,10.81915455,0,0,water
S001,3.204110263,178.6786675,14.57354687,0,0,water
S004,3.573071526,195.9891325,13.02109464,0,0,water
S002,3.730816972,51.07131227,16.85095889,0,0,water
S010,3.19053306,156.4507015,24.75567375,0,0,water
S001,2.922737505,77.64520954,10.5904282,0,0,water
S009,2.783191042,112.1612597,24.037392,0,0,water
S002,2.515769837,164.2834842,23.39956741,0,0,water
S010,2.876310208,126.4484676,23.63298109,0,0,water
S008,3.89649793,57.57610886,18.20957116,0,0,water
S005,1.06649003,165.2973916,14.18512436,0,1,water
S009,3.171327783,159.5002582,15.36632145,0,0,water
S002,2.954829676,194.9837659,24.17061073,0,0,water
S007,3.691273518,143.7824188,24.0645967,0,0,water
S010,3.941119454,130.6310215,10.21294952,0,0,water
S004,3.623047718,81.9713179,23.00766032,0,0,water
S007,3.108467889,75.37428408,24.66184845,0,0,water
S008,2.588575217,90.7496287,11.55634515,0,0,water
S003,3.417012484,105.6460569,21.58228041,0,0,water
S009,3.672669739,122.6259548,21.91021675,0,0,water
S004,2.857434506,83.65744697,17.56754386,0,0,water
S007,3.266640732,116.8276722,24.50452772,0,0,water
S007,3.808779928,86.62213408,16.75164788,0,0,water
S004,2.638674276,118.6850443,15.91719086,0,0,water
S003,3.93720718,87.14474646,15.22077933,0,0,water
S009,3.833518285,74.09504189,12.59535805,0,0,water
S006,2.659617644,173.2628625,12.08453488,0,0,water
S010,2.981100373,78.83868777,14.64204324,0,0,water
S010,3.283745213,146.1537286,21.79497483,0,0,water
S003,3.410986625,63.28675095,20.15308414,0,0,water
S010,2.917401491,109.3127405,20.30784995,0,0,water
S003,3.9067387,151.571745,11.78531957,0,0,water
S001,3.430352273,131.7201628,11.88465239,0,0,water
S006,3.640492332,158.3617077,10.11087852,0,0,water
S006,3.964684794,193.1999535,22.00206374,0,0,water
S006,3.037992045,90.16887118,16.48346589,0,0,water
S006,3.530851515,96.92512963,10.91358315,0,0,water
S004,2.838759448,76.40371326,22.99349305,0,0,water
S003,2.940875141,116.948954,20.90527791,0,0,water
S009,2.656623054,135.3474791,17.97218869,0,0,water
S006,3.352402924,91.19988047,17.11652371,0,0,water
S007,2.761235039,132.0321761,20.71689526,0,0,water
S007,2.944667332,189.4474412,11.86920079,0,0,water
S009,3.330969231,94.6932397,16.82613453,0,0,water
S006,2.952700084,184.9614618,19.42610436,0,0,water
S008,3.366030102,146.9611063,16.87545219,0,0,water
S006,2.627902512,179.9275563,17.48779676,0,0,water
S002,2.83049109,65.48249733,18.77552753,0,0,water
S009,2.900716105,186.5997493,16.53508099,0,0,water
S010,3.432278086,82.97929346,16.67259039,0,0,water
S005,3.914474176,141.556409,22.52460679,0,0,water
S009,3.898522212,178.7310186,12.55901687,0,0,water
S008,2.918695706,189.6008383,10.36966607,0,0,water
S005,3.111843906,102.1673605,10.32468342,0,0,water
S001,3.271340517,130.8786619,13.82640149,0,0,water
S004,2.55992196,104.3440235,22.39585467,0,0,water
S005,3.787495648,119.5433112,21.76406949,0,0,water
S004,3.287977397,59.90829617,24.58852353,0,0,water
S010,3.523767595,149.3348237,20.72983466,0,0,water
S001,2.517876974,70.95385589,20.7360389,0,0,water
S005,3.804028451,160.5239684,17.51560355,0,0,water
S009,3.815680701,86.47699704,18.25855952,0,0,water
S003,3.44657409,53.74761234,20.81087668,0,0,water
S002,3.013592685,131.9714542,11.37029864,0,0,water
S004,2.7823483,77.63729774,10.85503581,0,0,water
S006,2.573506967,135.9155415,22.29243528,0,0,water
S008,3.949838378,116.1108562,13.90604663,0,0,water
S005,3.839670612,153.4125701,14.25696915,0,0,water
S009,3.78790016,194.4098876,19.42520676,0,0,water
S003,3.403384454,98.34872367,21.65340622,0,0,water
S002,2.584320858,162.1280955,22.76279136,0,0,water
S001,3.147984057,54.95179039,24.30905129,0,0,water
S007,2.763835425,85.30748928,17.41556217,0,0,water
S010,3.638465248,125.0929299,23.67677669,0,0,water
S006,3.842614839,136.0893704,15.26166435,0,0,water
S004,3.171957485,110.8207514,24.76134196,0,0,water
S010,2.583167854,174.9551396,16.86707399,0,0,water
S001,2.655212595,148.4844054,23.60478278,0,0,water
S002,3.525962695,78.53418962,17.81328674,0,0,water
S006,3.003523601,136.1873296,17.72176352,0,0,water
S003,2.69548065,146.5143424,12.95774473,0,0,water
S004,2.855274206,74.74010403,11.86922595,0,0,water
S004,3.524006729,144.3101023,13.99152053,0,0,water
S003,3.748586563,198.7436514,12.45424306,0,0,water
S001,3.978401101,153.0017918,13.65422188,0,0,water
S003,3.785645409,172.5660649,16.72519706,0,0,water
S003,3.360147738,64.75173824,16.7391182,0,0,water
S010,3.606147162,87.9256101,11.00926919,0,0,water
S002,3.581581991,88.57285267,20.79082233,0,0,water
S002,3.186615726,64.33386559,23.47219667,0,0,water
S002,3.394065393,66.11758289,10.253692,0,0,water
S010,2.510564372,170.8244069,11.15193526,0,0,water
S004,3.873721522,125.431328,21.92665424,0,0,water
S009,2.592643579,160.1525053,17.82600128,0,0,water
S010,1.916705497,71.6925297,15.13338287,1,0,water
S003,3.731273514,92.22159537,11.05103044,0,0,water
S002,2.865562318,95.88422199,17.24701968,0,0,water
S008,2.760945559,104.1824088,19.55953235,0,0,water
S007,2.949811403,55.16048127,19.52394595,0,0,water
S010,3.836532524,172.041322,20.72429235,0,0,water
S002,2.716468066,64.03391104,10.25007326,0,0,water
S002,3.017896828,75.91351344,19.32971185,0,0,water
S003,3.7773721,179.5684434,16.10160623,0,0,water
